{
    "n_positions": 100,
    "n_prices": 10,
    "p_max": 10,
    "p_min": 1,
    "r": [
        0.414690895087538,
        0.7564364225055967,
        0.7632508844858539,
        0.6010609200916591,
        0.9763822918341997,
        0.7897587212440135,
        0.5945029454262211,
        0.2509946074973274,
        0.9642118152030935,
        0.48228035277148007,
        0.35463333719378975,
        0.1724316039499546,
        0.8922213616153617,
        0.8618748496705859,
        0.8358540523398257,
        0.06489891566012307,
        0.8299930375588302,
        0.8704468069040606,
        0.30446003131765287,
        0.2791342525444245,
        0.6916266630658241,
        0.7430702625450564,
        0.6012116205047943,
        0.14818269843385645,
        0.34650941914910793,
        0.3741608993322656,
        0.9011127959825881,
        0.21392102935749613,
        0.7037970477767233,
        0.28285905106000875,
        0.5925793840879914,
        0.3420355230434361,
        0.45054119089992495,
        0.7708981149738685,
        0.9676426603145785,
        0.3065775097145995,
        0.1506259521181217,
        0.6067517000498538,
        0.5298804142464333,
        0.09855155902215729,
        0.5477427099383503,
        0.39029807818999573,
        0.05364675245837869,
        0.13454076924069724,
        0.754168501038281,
        0.4313156438861906,
        0.9599111488810959,
        0.3317928059259183,
        0.17070914904422596,
        0.6638125828310795,
        0.696347777323089,
        0.597353617097105,
        0.2565539418889259,
        0.3129079497005903,
        0.8388615632725906,
        0.09529493914624776,
        0.7530035764634263,
        0.2394813011638992,
        0.7300044225812703,
        0.9709279646581247,
        0.20543082861980977,
        0.5820013789692092,
        0.033987416168644424,
        0.8527204481440893,
        0.014518143723355914,
        0.38090056840297515,
        0.17375039361097855,
        0.2953739162306367,
        0.6450296466050248,
        0.5939244923160546,
        0.0062256544362349064,
        0.4281539478317151,
        0.4298913971356296,
        0.48446720803571064,
        0.9170946262033535,
        0.26186477352052506,
        0.4773908893225952,
        0.9403736313991448,
        0.18451302827131444,
        0.4130818127787509,
        0.5541714304479103,
        0.4210367813595871,
        0.3202052024247555,
        0.582586443481369,
        0.02596538540900839,
        0.8762807875764882,
        0.5180151835001723,
        0.992548892167539,
        0.33724443888444544,
        0.2184304188841577,
        0.20465460325043772,
        0.3645836387709006,
        0.8620097464554737,
        0.4261848714458685,
        0.37142185122739846,
        0.8713366005023498,
        0.9627704280697659,
        0.6650518614311436,
        0.26061405652298997,
        0.503814439221447,
        0.4858486321164589,
        0.17714405260552168,
        0.18591071880777332,
        0.3311173659434169,
        0.6083087966138949,
        0.4407243726154947,
        0.13137117770296258,
        0.4449148499252532,
        0.5130062745436151,
        0.5547211874254443,
        0.13495575299318663,
        0.6211301839460863,
        0.8954615265138874,
        0.2835927541506268,
        0.7688185973011126,
        0.3931649714111438,
        0.12049165337215595,
        0.2487951759287761,
        0.8939627643000941,
        0.396854486224956,
        0.3302812003586274,
        0.6380429379045824,
        0.01567674830270671,
        0.7691529608784113,
        0.43681786251204513,
        0.12294107985106595,
        0.17368062260988004,
        0.48731388692841915,
        0.8951468803656792,
        0.8486763970462713,
        0.8828502539767838,
        0.6186649466788128,
        0.006616786041988454,
        0.5645346256573491,
        0.0875571242595441,
        0.9079378487689748,
        0.5236110738024679,
        0.13619967829109603,
        0.1541771494748183,
        0.09842356117616724,
        0.11248350489221381,
        0.44000139921084347,
        0.827812533620812,
        0.5738652263506826,
        0.6806023955877968,
        0.9175400916240902,
        0.1852870453934986,
        0.2814829315103329,
        0.15737437674115218,
        0.32700903167732365,
        0.6662706692085467,
        0.8503391316978017,
        0.2753175558961708,
        0.5417990263944683,
        0.41281657787675863,
        0.5471421829064939,
        0.6798827913961842,
        0.11563848800871523,
        0.46828178497982886,
        0.6769536884376693,
        0.5993997306092379,
        0.5513763816215165,
        0.6402103040887845,
        0.5991675801568287,
        0.7836451894919165,
        0.3528264575669192,
        0.989162696022192,
        0.9496773676345265,
        0.12995585118519248,
        0.15673454876990522,
        0.8025404091323592,
        0.5651099563973724,
        0.4330670582704881,
        0.917899563501128,
        0.21707471591004834,
        0.4290378325209683,
        0.769632582658718,
        0.19565997032707005,
        0.015688163940273503,
        0.44245036531849313,
        0.6457582154389666,
        0.2770355829167337,
        0.3678135561125412,
        0.512624357859135,
        0.6931893603591055,
        0.64415069797447,
        0.012089934413103243,
        0.050818054869291474,
        0.1914666285716876,
        0.7634870004471709,
        0.8833138626834078,
        0.7570219729339622,
        0.20235965778314957,
        0.49777221548819695,
        0.8608460064662997,
        0.8043169494933378,
        0.4120483128914757,
        0.3593361758818807,
        0.49249506016232003,
        0.04699475343027848,
        0.8101170084536037,
        0.271336864610625,
        0.4946062923670408,
        0.5552162175132527,
        0.5837762539870442,
        0.14229729540120273,
        0.9896404186541716,
        0.2766201957623935,
        0.3792513263396283,
        0.07040553701283692,
        0.8208611854612197,
        0.7667425264137562,
        0.7500023296812475,
        0.37882518400425935,
        0.21887692595479458,
        0.3897926512080434,
        0.9061454974755945,
        0.5444405984223454,
        0.6600393371952293,
        0.4477759992466065,
        0.41672050228648094,
        0.6864561135617945,
        0.49822268508067247,
        0.9426589962530759,
        0.7934168863063357,
        0.3248751575708343,
        0.25451235181953846,
        0.9034580578755581,
        0.6925650911350718,
        0.9642113306615561,
        0.8804346114542111,
        0.46864632704161235,
        0.31454222122218956,
        0.39315653756013724,
        0.3274969764339337,
        0.6302782011961432,
        0.1633413876714821,
        0.6818921870534017,
        0.1557489840167826,
        0.5332858592939836,
        0.5108004507850097,
        0.5695069430029414,
        0.6228421968722146,
        0.3237094055540167,
        0.7560034920907792,
        0.1904286917305107,
        0.3307720486366632,
        0.635486860185981,
        0.8169027996894771,
        0.8244412121675829,
        0.35743722482111207,
        0.7042819393810821,
        0.7509399198684963,
        0.4677574751884379,
        0.20853472185520372,
        0.8946074878942014,
        0.3726970090747993,
        0.4503405244098907,
        0.8340256975690675,
        0.8665189311671189,
        0.04482404725278233,
        0.31365606183076866,
        0.23075581870786788,
        0.16844054096701078,
        0.15600058017449137,
        0.4971312421388704,
        0.17052993127193627,
        0.8728359153560784,
        0.6155648696482336,
        0.1697445806021569,
        0.5400664470549486,
        0.27425928924663956,
        0.35024064938764854,
        0.25228446114444314,
        0.06658303387087805,
        0.5164916543093183,
        0.2938876397750615,
        0.15251889528090135,
        0.06861987906434774,
